{
    "accuracy": 0.8852592395381653,
    "loss": 0.39251770965754984
}