{
    "accuracy": 0.866467677586769,
    "loss": 0.6970515525341034
}