{
    "accuracy": 0.9022427745015219,
    "loss": 0.31875174020417035
}