{
    "accuracy": 0.764142481901467,
    "loss": 1.8545923233032227
}