{
    "accuracy": 0.8660236441172557,
    "loss": 0.6409574133530259
}