{
    "accuracy": 0.8931453742010669,
    "loss": 0.34297159797511995
}