{
    "accuracy": 0.7427669902912621,
    "loss": 1.8864147663116455
}