{
    "accuracy": 0.8383233532934131,
    "loss": 2.124668836593628
}