{
    "accuracy": 0.8660236441172557,
    "loss": 0.7808608418703079
}